,,,Guns By Date,,
Case Number,Booked,Description,Brand/Make Brand/Model,Serial #,
,Date,,,,
1999-,2/3/2016,JH-10A Benelli/HK Super 90 12-,Benelli Super 90,M255784,
13507,,gauge shotgun,,,
2003-,6/16/2016,DDO-2 US Carbine .30 Cal,Carbine 30,4702537,
7201,,,,,
2003-,6/16/2016,DDO-1 Marlin .22 cal Rifle,Marlin 40,4702537,
7201,,,,,
2003-,6/16/2016,DDO-3 Remington Shotgun,Remington unknown,496490,
7201,,,,,
2004-,5/26/2016,RMM-1; 9mm Hi-Point,Hi-Point C,P214703,
896,,,,,
2004-,6/3/2016,"JAB-01, ROHM .22 CAL",ROHM,IB251127,
9946,,,,,
2004-,5/26/2016,RMM-1; Smith & Wesson .357,Smith & Wesson 66,7K88172,
10138,,,,,
2006-,7/14/2016,BC-1 Erma .22 caliber pistol,RX-22,J20843,
12345,,found in Gun Room with no case,,,
,,number. Pre 2007. Given case,,,
,,06-12345,,,
2008-,7/15/2016,"GCO-2 Sig Sauer P229, 40 cal,",Sig Sauer P229,AL35910,
9353,,serial number AL35910,,,
2010-,6/3/2016,"DAC-1, SMITH & WESSON .22",422,TAI2918,
5519,,CAL,,,
2011-,3/6/2016,ATM 2- Benelli Armi shotgun,Benelli Vinici,BG00743,
878,,barrel,,,
2011-,3/6/2016,ATM - 1 Benelli Armi shotgun,Benelli Vinici,BG00746,
878,,receiver,,,
2014-,10/9/2016,"JAJ-1 Smith & Wesson revolver,",Smith&Wesson unk,CMU8914,
21414,,SN: CMU8914 (Re entered for,,,
,,valid barcode),,,
2014-,6/3/2016,"BAB-5, SIG SAUER BLACK",Sig Sauer 238,27864403,
44007,,P238 W/ SMALL MAGAZINE,,,
2015-,6/3/2016,"RSK-3, SIG SAUER P229 .40",P229,AD32370,
29709,,CAL PISTOL,,,
2015-,6/3/2016,RSK-1 STOEGER M3500 12,M3500,1426620,
29709,,GAUGE SHOTGUN,,,
2015-,4/19/2016,"KMC1-JKC1, two 9mm shell",Ruger P95,316-5116,
48807,,casings for IBIS,,,
2015-,4/19/2016,KMC1-TSW1; Two 9mm casings,Smith & Wesson SD9VE,FWR0801,
49587,,for IBIS,,,
52087,,casings for IBIS,,,
2015-,4/19/2016,KMC1-MLV10; Two .40 caliber,Smith & Wesson,Sigma SW40G,PBH3394
55714,,casings for IBIS,,,
2015-,4/19/2016,KMC1-BJM1; Two .45 caliber,Springfield,XDm-.45 ACP,MG51327
56898,,casings for IBIS,,,
2015-,4/19/2016,KMC1-MJG1; Two 9mm casings,Ruger,P89DC,305-1263
57290,,for IBIS,,,
2015-,4/19/2016,KMC1-WSH4; Two .45 caliber,Ruger,P90,660-0117
59454,,casings for IBIS,,,
2015-,11/10/2016,RAN-28 Marlin model 336 30-30,,336,3048175
62848,,caliber SN#03048175,,,
2015-,4/19/2016,KMC1-BCB1; Two 9mm casings,Glock 19,Gen 4,ZDC245
63085,,for IBIS,,,
2016-,10/15/2016,DK1- Model 77 Winchester for,,77,124557
0,,destruction,,,
2016-,1/28/2016,JLR-4 Handgun Glock,Glock,9X19,PHT394
5073,,,,,
2016-,1/29/2016,EMI-13 Shotgun,,Mossberg,T671639
5073,,,,,
2016-,2/5/2016,SRS-1 .22 Jennings Firearm,,Jennings,320299
6512,,,,,
2016-,4/19/2016,KMC1-SRS1; Two .22 caliber,Jennings,J-22,320299
6512,,casings for IBIS,,,
2016-,2/5/2016,"GJN-2 1 ""Vigilante"" pellet pistol",,Vigilante,C157054
7088,,,,,
2016-,2/9/2016,DAC-1: Hopkins & Allen MFG,Hopkins & Allen,Hopkins & Allen,29526
7816,,CO. .38 cal revolver,,,
2016-,2/11/2016,CW-1/Recovered stolen firearm.,Colt,1911 (45),2706091
8289,,,,,
2016-,4/19/2016,KMC1-CW1; Two .45 caliber,Colt,1911 (45),2706091
8289,,casings for IBIS,,,
2016-,2/20/2016,AEE 10 - 5 rounds of .380 and,Bryco,38,1597935
8468,,magazine belonging to AEE 9.,,,
,,Bryco 38'-CA 380 AUTO,,,
,,1597935,,,
2016-,2/20/2016,AEE 9 - Bryco 38'-CA 380 AUTO,Bryco,38,1597935
8468,,1597935,,,
2016-,4/19/2016,KMC1-RAN1; Two 9mm casings,Luger,CZ-75 P-01,A653238
10933,,for IBIS,,,
2016-,3/1/2016,RAN-1 Luger CZ 75 P-01 9mm,Luger,CZ 75 P-01,A653238
10933,,sn# A653238,,,
2016-,2/29/2016,AEE - 1 9mm Detonics,,9x19,P4804
11078,,,,,
11078,,ammo for 9mm Detonics,,,
2016-,2/29/2016,JAB-3 SAVAGE ARMS MARK,,MARK II,2397439
11589,,II .22 CAL RIFLE,,,
2016-,2/29/2016,JAB-2 MOSSBERG 12 GA,,500,NONE
11589,,SHOTGUN,,,
2016-,2/29/2016,JAB-1 DPMS AR-15 RIFLE,,A-15,FFH0355
11589,,,,,
2016-,3/2/2016,MJG-1 CZ 75 p-07 Evidence,cz,p-07,b456028
12051,,,,,
2016-,4/19/2016,KMC-MJG1; Two .40 caliber,CZ,75 P-07,B456028
12051,,casings for IBIS,,,
2016-,4/19/2016,KMC1-MLW1; Two 9mm casings,Glock 19,Gen 4,UHT457
12496,,for IBIS,,,
2016-,3/11/2016,MLW 2 - H&R shotgun 1871,H&R 1817 LLC,PARDNER PUMP,NZ60684
12496,,"Pardner up, 12 ga",,,
,,SURRENDERED DUE TO DV,,,
,,COURT ORDER,,,
2016-,3/11/2016,MLW-1 Glock 9 mm pistol,GLOCK,19,UHT457
12496,,SURRENDERED DUE TO DV,,,
,,COURT ORDER,,,
2016-,3/5/2016,HAR-2: Bolt action rifle - Cleared,Rutger,M77,7099392
12544,,WACIC/NCIC,,,
2016-,3/5/2016,HAR-3: Bolt action rifle .303,Enfeild,MK 3 GRI,EC21606
12544,,caliber - Cleared WACIC/NCIC,,,
2016-,3/5/2016,HAR-1: Revolver - cleared,Smith & Wesson,10-6,86127
12544,,WACIC/NCIC,,,
2016-,3/9/2016,SW-4 Arisaka Long Rifle (Taken,,Arisaka,64110
13361,,for safekeeping from DV Assault),,,
2016-,3/9/2016,SW-2 Remington Model 597,Remington,597,A263174
13361,,(Taken for safekeeping from DV,,,
,,Assault),,,
2016-,3/9/2016,SW-3 1944 Long Rifle (Taken for,,1944,TC937
13361,,safekeeping from DV Assault),,,
2016-,3/9/2016,SW-1 Springfield XD-357 (Taken,Springfield,XD-357,US33961
13361,,for safekeeping from DV Assault),,,
2016-,3/14/2016,JAB-1 GLOCK 19,GLOCK,19,FA661
14197,,SEMIAUTOMATIC HANDGUN,,,
2016-,4/20/2016,KMC1-JAB1; Two 9mm caliber,Glock,19,FA661
14197,,casings for IBIS,,,
2016-,3/29/2016,JDB-1 Supermatic 20 guage,,C2011,None
16048,,shotgun model C2011,,,
2016-,3/28/2016,AKS-1 Colt BB Gun 15609126,COLT,Defender,15609126
16838,,,,,
16859,,9017M2S 17-caliber,,,
,,sn#96724822,,,
2016-,4/21/2016,RMN-1 Smith & Wesson,Smith & Wesson,Revolver,84042
16861,,Revolver,,,
2016-,3/31/2016,DK1- No serial Number,,M842,none
17517,,Westernfield M842,,,
,,FOR DESTRUCTION,,,
2016-,4/28/2016,TKE-1 Glock 23 .40 caliber SER,,23,WPS610
17901,,#WPS610,,,
2016-,4/14/2016,HAR-2: X B G .177 B.B. pistol,,XBG,15C5640
19409,,,,,
2016-,4/19/2016,JDB-1 Berretta 9mm pistol s/n,berretta,M9,155715
19910,,155715,,,
2016-,5/4/2016,TJK-2: Llama 9mm SN/B88524,,Llama,B88524
20412,,,,,
2016-,4/16/2016,DVB5- KelTec KSG shotgun with,KelTec,KSG,XY838
20524,,tag.,,,
2016-,1/5/2017,GCO-13 Kimber .45 cal Pistol,Kimber,Pro Carry HD,KR17115
20524,,"with clip (separated, no ammo)",,,
2016-,1/5/2017,"GCO-12 Beretta .40 cal Pistol,",Beretta,96,BER0014
20524,,ser #BER001458,,,
2016-,4/19/2016,PWD-1 Smith and Wesson,,SMITH &,J84622
21106,,Revolver S/N J84622,,WESSON,
2016-,4/21/2016,JCT-2: .45 caliber Glock 21,,Glock 21,TGE503
21407,,(Serial # TGE503) - Pellet Gun,,,
2016-,4/21/2016,JCT-3: Heckler and Koch 9mm,,H&K,24-15025
21407,,pistol (Serial # 24-150250),,,
2016-,4/21/2016,JCT-1: Windham Weaponry AR-,,WW-15,WW0048
21407,,15 (Serial # WW004879 Model #,,,
,,WW-15),,,
2016-,4/24/2016,JMS1-Black Sig Sauer 1911,,Sig Sauer,U031508
22079,,pistol (AIR SOFT) w/ 1 magazine,,,
2016-,4/30/2016,CLL - 1 Smith and Wesson,smith & wesson,.38 special,cce8708
23082,,Revolver,,,
2016-,5/5/2016,AEE 2 - 1 mag with 9 rounds and,,Springfield XD,US48309
24130,,1 sign round which was located,,,
,,in chamber,,,
2016-,5/5/2016,AEE 1 - Springfield XD 40 cal,,Springfield XD,US48309
24130,,,,,
2016-,5/12/2016,JCM-2 : Smith and Wesson,Smith & Wesson,MP40c,DXK3225
24130,,MP40c .40SW. SN DXK3225.,,,
,,Found under driver seat.,,,
25583,,Model M911A1 Serial #1333686,,,
,,w/magazine containing 4 bullets,,,
,,seized from SE bedroom in box,,,
,,on floor,,,
2016-,5/15/2016,EMI-6 S&W .357 Magnum Serial,.357 Magnum,4K80678,
25583,,# 4k80678 w/six bullets seized,,,
,,from SE Bedroom in box on floor,,,
2016-,5/15/2016,EMI-8 Browning 9mm Serial,Browning,T149172,
25583,,#T149172 w/magazine,,,
,,containing 10 bullets seized from,,,
,,SE bedroom in box on floor,,,
2016-,5/15/2016,EMI-31 Taurus Revolver .38,.38 special,NJ78029,
25583,,special Serian #NJ78029 seized,,,
,,from NE bedroom dresser,,,
2016-,5/15/2016,EMI-30 H&R Revolver S&W,832,AX16588,
25583,,Model 832 Serial #AX165886,,,
,,seized from NE bedroom dresser,,,
2016-,5/15/2016,EMI-10 High Standard Man.Co.,W-101,966766,
25583,,.99 caliber revolver W-101 Serial,,,
,,#966766 w/9 bullets seized from,,,
,,SE bedroom in box on floor,,,
2016-,5/15/2016,EMI-13 Colt .45 caliber,Commander,CLW0237,
25583,,Commander Serial #CLW023796,,,
,,W/2 two magazines w/13 bullets,,,
,,seized from SE bedroom in box,,,
,,on floor,,,
2016-,5/15/2016,EMI-7 S&W .357 Magnum Model,.357 Magnum,32263,
25583,,19.3 Serial # 32263 w/six bullets,,,
,,seized from SE Bedroom in box,,,
,,on Floor,,,
2016-,5/15/2016,EMI-12 Arminius .22 caliber,HN7S,295104,
25583,,Model HN7S Serial #295104,,,
,,seized from SE bedroom in box,,,
,,on floor,,,
2016-,5/15/2016,EMI-14 Beretta .380 caliber,70,38366,
25583,,Model 70 Serial #38366 w/8,,,
,,bullets seized from SE bedroom,,,
,,in box on floor,,,
2016-,5/15/2016,EMI-19 Taurus Revolver .22,Magnum,MB70868,
25583,,caliber Magnum Serial,,,
,,#MB70868 w/8 bullets seized,,,
,,from laundry storage room,,,
25583,,Patrolman Model 28-2 Serial,,,
,,#5302550 seized from SE,,,
,,bedroom in box on floor,,,
2016-,5/15/2016,EMI-17 Sig Arms P239 .40,,P239,S4-49465
25583,,caliber Serial #S4-49465 w/4,,,
,,magazines w/12 bullets seized,,,
,,from hallway closet by front door,,,
2016-,5/15/2016,"EMI-29 Marlin Rifle Model 9,",,9,10883614
25583,,9mm Serial #10883614 W/one,,,
,,magazine seized from NE,,,
,,bedroom closet,,,
2016-,5/15/2016,EMI-26 Ruger Rifle Model 10/22,,10/22 Carbine,125-0297
25583,,Carbine Serial #125-02972,,,
,,seized from NE bedroom closet,,,
2016-,5/15/2016,EMI-27 Rifle M1945 Serial,,M1945,16699
25583,,#16699 303 caliber 181/2 barrel,,,
,,w/1 magazine seized from NE,,,
,,bedroom closet,,,
2016-,5/15/2016,EMI-38 Winchester Model 9422,,9422,unknown
25583,,XTR 22 rifle seized from attic,,,
2016-,5/15/2016,EMI-37 Winchester Model 1200,,1200,unknown
25583,,12 gauge shotgun 2 3/4 seized,,,
,,from attic,,,
2016-,5/15/2016,EMI-42 Marlin Model 795 .22,,795,unknown
25583,,caliber rifle w/one magazine,,,
,,seized from attic,,,
2016-,5/15/2016,EMI-28 Barreta Rifle Silver Snipe,,Silver snipe,149213
25583,,Overlander Serial #149213,,,
,,seized from NE bedroom closet,,,
2016-,5/15/2016,EMI-18 Remington 870 Magnum,,870 Magnum,B194912
25583,,"Shotgun, 12 gauge, serial",,,
,,#B194912M seized from entry,,,
,,closet near front door,,,
2016-,5/15/2016,EMI-40 Browning Arms Light IR,,Light IR,69G7581
25583,,Serial #69G75811 seized from,,,
,,attic,,,
2016-,5/15/2016,EMI-41 MA Lithgow Model 1945,,1945,549A
25583,,Serial #549A W/one magazine,,,
,,seized from attic,,,
2016-,5/15/2016,EMI-39 Labanu Inc. Mac 90,,Mac 90,52971
25583,,rifle .762 caliber serial #52971,,,
,,w/one magazine seized from attic,,,
2016-,5/17/2016,RAN-3 Glock 9mm model 17,Glock,17,HG124
25583,,sn#HG124 with empty magazine,,,
25583,,Caliber .9 Luger Serial #B5800,,,
,,seized by Officer Hodges from,,,
,,under cushion in living room chair,,,
2016-,5/17/2016,EMI-45 S&W 38 Special GTG,,38 special GTG,K523189
25583,,revolver Serial #K523189 seized,,,
,,by Officer Hodges from under,,,
,,cushion in living room chair,,,
2016-,5/17/2016,EMI-44 S&W 38 Special revolver,,38 special,V56892
25583,,Serial #V56892 seized by Officer,,,
,,Hodges from under cushion in,,,
,,living room chair,,,
2016-,8/26/2016,JTK 7A-9mm Sig Sauer semi-,Sig Sauer,P290RS,26C0059
26558,,auto pistol,,,
2016-,5/24/2016,JDB3 PPK handgun 9mm,Walther,9mm,FAM2725
26642,,,,,
2016-,5/24/2016,"JDB2 AR 15 type rifle, serial",Hardened Arms,AR15,JTD1169
26642,,#JTD11699,,,
2016-,5/26/2016,CLL - 1 12 ga Mossberg shotgun,Mossberg,500,Unk
28222,,,,,
2016-,6/3/2016,"JKC 6 Savage Arms .22 rifle,",,Stevens,306178
28319,,Stevens model s.n. 0306178;,,,
,,rcvd in storage unit E17,,,
2016-,5/27/2016,"MMM-1 Hi-Point Firearms,",,JHP,X429882
28410,,Haskell MFG,,,
2016-,6/5/2016,BCB-11 Mossberg 500 Pistol,,MOSSBERG 500,U161635
29002,,"Grip, Laser sight, Red Dot",,,
2016-,6/3/2016,MWH-7 KIMBER .45 CAL,KIMBER,ULTRA,KU28039
29388,,PISTOL AND 1 MAGAZINE,,,
2016-,6/15/2016,JHH-4 Smith and Wesson,Smith & Wesson,Bodyguard 380,EBB6266
29809,,Bodyguard 380. Registered to,,,
,,"driver, who possess a CPL",,,
2016-,6/3/2016,CPH-1 Davis Industries .32 Auto,,D-32,139558
29850,,Derringer S/N 139558,,,
2016-,6/5/2016,Taurus .40 cal semi automatic,Taurus,DA/SA D8,SFU8231
30117,,pistol,,,
2016-,6/10/2016,KSC-2: Smith & Wesson M&P,Smith & Wesson,M&P Shield,HKJ9579
31004,,Shield (9mm),,,
2016-,6/12/2016,BWJ-1 Rock Island 1911 .22,Rock Island,1911,TCM0206
31487,,caliber semi-auto pistol,,,
2016-,6/17/2016,DJK 02 One Glock Model 23 .40,,23,GZH595
32036,,caliber handgun with one,,,
,,magazine,,,
32219,,LE15 Cal 5.56 .223 BOOKED,,,
,,FOR DESTRUCTION,,,
2016-,6/21/2016,JAJ-6A Glock .45 SN:VLS205,Glock,21 Gen 4,VLS205
33018,,,,,
2016-,6/21/2016,JAJ-7A Glock 41 .45 cal,Glock,41 Gen 4,XYZ586
33018,,SN:XYZ586,,,
2016-,6/21/2016,JAJ-5A Walther .380 handgun,Walther,PPK/S-1,0646BAM
33018,,,,,
2016-,6/21/2016,JAJ-1 Walther PPK/S-1 .380,Walther,PPK/S-1,3279BAR
33018,,cal. SN: 3279BAR,,,
2016-,6/21/2016,JAJ-2 Glock 36 .45 cal pistol,,36,WAU688
33018,,,,,
2016-,6/21/2016,JAJ-10A Glock 21 Gen 4 .45 cal,Glock,21 Gen 4,WHM828
33018,,SN:WHM828,,,
2016-,6/21/2016,JAJ-13A A Glock 41 Gen 4 .45,Glock,41 Gen 4,XYZ668
33018,,cal. SN: XYZ668,,,
2016-,6/21/2016,JAJ-28A COLT AR-15 A 4,Colt,AR-15 A 4,CAR0048
33018,,SN:CAR004821,,,
2016-,6/21/2016,JAJ-17A Rock River Arms AR-,Rock River Arms,AR-15,UT11168
33018,,15 SN:UT111686,,,
2016-,6/21/2016,JAJ-29 Core 15 rifle .223 cal.,Core,15,GTOC04
33018,,SN:GTOC045747,,,
2016-,6/21/2016,JAJ-15 Colt AR-15 A4 rifle,Colt,AR-15 A4,CAR0061
33018,,SN:CAR006165,,,
2016-,6/21/2016,JAJ-3 CORE 15 .223 rifle,,15,GTOC05
33018,,SN:GTOC053121,,,
2016-,9/29/2016,ATM 4B: BB Gun taken apart into,,BB Gun,N/A
33341,,pieces,,,
2016-,7/6/2016,CLL-1 Pistol make FNH,FNH,FNS-9C,csu00034
36210,,,,,
2016-,7/13/2016,"PWD-1 ""SPRINGFIELD M1",SPRINGFIELD,M1 GRAND,3776986
36751,,"GRAND"" RIFLE S/N 3776986",,,
2016-,7/9/2016,JCT-2: Springfield XD,Springfield XD,XD,S312330
36751,,,,,
2016-,7/10/2016,JBB-1 SIG SAUER M400 5.56,SIG SAUER,M400,20C0181
36877,,"RIFLE, S/N 20C018111, IN",,,
,,BLACK HARD CASE,,,
2016-,7/12/2016,JDB-1 Smith and Wesson 9mm,,SW9VE,DUN0708
37393,,pistol s/n DUN0708,,,
2016-,7/18/2016,RA-2 AR-15,Windham,WW-15,WW0956
38007,,,Weaponr,,
2016-,7/18/2016,RA-1 Beretta M9,,Beretta,M9-1686
38007,,,,,
38738,,Bushnell Scope.,,,
2016-,7/20/2016,BR 1 - 1 fourth generation Glock,,Glock,RBK489
38957,,23,,,
2016-,7/26/2016,ATM- 1 Brevete S.G.D.G.,Brevete,S.G.D.G.,149041
39984,,Browning's patenthandgun,,,
2016-,8/2/2016,LIP4 - HI-Standard .22 caliber,HI-Standard,.22 revolver,860469
41425,,"revolver, black with white handle",,,
2016-,8/8/2016,BJB-1: Glock 19 with SN,glock,19,ABVN751
42449,,ABVN751,,,
2016-,8/19/2016,JBB-1 REMINGTON 870,REMINGTON,870,D621677
44568,,"EXPRESS SHOTGUN, 12 GA,",,,
,,"S/N D621677M, FOR",,,
,,DESTRUCTION,,,
2016-,8/19/2016,"JBB-2 RUGER .22 RIFLE, S/N",RUGER,10/22,165617
44568,,"165617, FOR DESTRUCTION",,,
2016-,8/21/2016,AJF-9 - Glock 23,,23,AWR598
44974,,,,,
2016-,8/21/2016,AJF-8 - Firestar M43,,M43,2090369
44974,,,,,
2016-,8/21/2016,AJF-7 - Glock 19,,19,ARX596
44974,,,,,
2016-,8/21/2016,AJF-6 - Ruger P85,,P85,300-5157
44974,,,,,
2016-,8/21/2016,AJF-1 - Bushmaster AR10,,BR-308,BRD0137
44974,,,,,
2016-,8/21/2016,AJF-2 Bushmaster AR15,,Carbon 15,CBC0595
44974,,,,,
2016-,8/21/2016,AJF-5 - Ruger 10/22,,10/22,827-2445
44974,,,,,
2016-,8/21/2016,AJF-4 - Norinco SKS,,SKS,1886
44974,,,,,
2016-,8/21/2016,AJF-3 - Rossi Shotgun/rifle,,M2022,SP44285
44974,,,,,
2016-,8/26/2016,MLV-2 Glock 17,,Glock 17,LEE137
45936,,,,,
2016-,8/26/2016,MLV-1 Glock 43,,Glock 43,BAXP490
45936,,,,,
2016-,8/29/2016,MCB-1 Kimber Micro 9mm,,Kimber,PB00140
46383,,SN/PB0014081. Serial is clear.,,,
2016-,8/31/2016,DTS-1- shotgun,Sears Roebuck,JCHiggins583.17,unknown
46799,,,,,
2016-,8/31/2016,"DTS-2- shotgun, firing pin",Remington,pump action,U97811
46799,,assembly in separate container,,,
47842,,,,,
2016-,9/6/2016,AEE 3 - Safekeeping - KG15,,KG 15,745
47842,,,,,
2016-,9/6/2016,AEE 2 - Safekeeping - Taurus,,PT24/7 Pro,SBM5242
47842,,SBM52427,,,
2016-,9/6/2016,AEE 1 - Safekeeping - Kimber,,Kimber MFG,KR81032
47842,,KR81032,,,
2016-,9/10/2016,MMM-1 (1) 40 cal Sig Sauer,Sig Sauer,sp2022,24B0688
47842,,pistol,,,
2016-,9/12/2016,"JAP-1, Stoeger Cougar semi-",Stoeger Cougar,8040F,T6429-
47842,,auto handgun,,,09D0003
2016-,9/22/2016,jdb 1 Browning 12 guage,Browning,Light,7G72966
51019,,shotgun,,,
2016-,9/22/2016,LER-1 Black semi-auto handgun.,,Modified Glock,s7678
51079,,- Glock,,,
2016-,10/18/2016,JDN-2: Savage Arms shotgun,,Automatic,36594
52419,,,,,
2016-,10/18/2016,JDN-1: Winchester 12 gauge,,12,1068571
52419,,shotgun,,,
2016-,9/29/2016,MMD 1 SHOTGUN,BENELLI,121M1,1955989
52431,,,,,
2016-,10/11/2016,WSH-1 Glock 45 Cal. Serial,Glock,21,KYT548
52805,,Number KYT548 For DNA and,,,
,,Fingerprinting,,,
2016-,11/4/2016,JKC-2 9mm Glock 19 serial,,Glock,WHF123
53391,,#WHF123,,,
2016-,10/11/2016,JJMC-1 Beretta 9mm pistol,,beretta,PX24122
54046,,surrendered for court order.,,,
,,"Model PX, S/N PX241224",,,
2016-,11/9/2016,JAJ-1 Smith & Wesson,Smith & Wesson,19-4,61K4554
54787,,Revolver,,,
2016-,10/21/2016,TJK-9: handgun,,FNS-9,GKU0049
55094,,,,,
2016-,11/9/2016,JAJ-2 Kahr Arms handgun with,Kahr Arms,MK-40,HA4323
55702,,magazine,,,
2016-,10/22/2016,DTS-1- Sears and Roebuck,Sears and Roebu,JC Higgings 583,NA
56687,,"shotgun, JC Higgins 583.14",,,
2016-,10/26/2016,RPS 1 - Revolver recovered from,,revolver,IT156401
57286,,house,,,
2016-,10/29/2016,SW-1 KWA KP45 Tactical 6mm,KWA,KP45 Tactical,25-09470
57923,,Air Soft,,,
2016-,11/4/2016,"MCB-13 .22 barrel of a shotgun,",,unknown,unknown
58598,,unknown Serial number of model,,,
60361,,"P85MKII, black, serial number",,,
,,303-02109,,,
2016-,11/30/2016,SRS-4 - stolen/recovered glock,Glock,27,KCM704
61454,,27,,,
2016-,12/2/2016,MAH-1,smith and wesso,3000,FC32896
64374,,,,,
2016-,12/5/2016,JAG-1 - RG 22 caliber Firearm,RG,RG14,L578915
64825,,model RG 14,,,
2016-,12/15/2016,RAN 4 / Sig Sauer P226 .40,,P226,47A0860
65548,,handgun,,,
2016-,12/13/2016,AMF-1: PowerMaster .177 caliber,,PowerMaster,88825005
66330,,pellet rifle SN#888250059,,,
2016-,12/13/2016,AMF-2 Bow Gun crossbow,,Bow Gun,N/A
66330,,,,,
2016-,12/24/2016,AEE 2 - Marlin 22 - Hold for,Marlin,795,91470221
68340,,safekeeping pending Protection,,,
,,Order,,,
2016-,12/24/2016,AEE 1 - Marlin 22 - Hold for,Marlin,915y,91617089
68340,,safekeeping pending Protection,,,
,,Order,,,
2016-,4/20/2017,JAJ-1 S&W 357 model 65-3,S&W,65-3,43652
69497,,s/n 43652 used in suicide,,,
,,revolver,,,
2017-,1/2/2017,DJK 02 One black BB gun pistol,,SW,NONE
217,,(Looks like S&W MP pistol),,,
2017-,1/3/2017,MCB-1 Mossberg 590 12GA,,590,Unknown
447,,,,,
2017-,1/3/2017,MCB-2 Glock 19 Handgun,,19,NAR230
447,,,,,
2017-,1/9/2017,PWD-1 GLOCK 9mm S/N,GLOCK,17,NDV844
703,,NDV844,,,
2017-,1/7/2017,JAG-1 Sig Sauer P220 .45 Cal,Sig Sauer,p220,G414508
1106,,Pistol w/ magazine,,,
2017-,1/17/2017,RKL-2: Walther PPQ Semi-Auto,Walther,PPQ,FCA4567
2488,,Handgun ser # FCA4567,,,
2017-,1/17/2017,RKL-1: Smith and Wesson,Smith & Wesson,Combat Magnum,CVE3309
2488,,Revolver ser # CVE3309,,,
2017-,2/8/2017,JKC 114- black .22 Beretta semi-,Beretta,.22LR semi-auto,BES2828
2953,,auto pistol,,,
2017-,2/8/2017,JKC 112- chrome finish .38 S&W,S&W,6 shot revolver,D480496
2953,,revolver,,,
2017-,2/9/2017,JKC 8C- Mossberg brand 12,Mossberg,12 gauge,J097072
2953,,"gauge shotgun, s.n. J097072",,,
2953,,action rifle,,,
2017-,2/9/2017,JKC 8B- Stevens brand .3006,Stevens,0.3006,E069559
2953,,"bolt action rifle, s.n. E069559",,,
2017-,1/18/2017,AEE 1 - Glock 27 Semi 40 cal s/n,Glock,27,YNF915
3046,,YNF915,,,
2017-,1/21/2017,GJN-1 Winchester Rifle for,,68-22,0
3671,,disposal,,,
2017-,1/21/2017,GJN-2 Remington Shotgun,Remington,572,1767875
3671,,Field Master for disposal,,,
2017-,1/21/2017,GJN-3 H & R 22cal revolver for,H&R,929,AS 29638
3671,,disposal,,,
2017-,1/21/2017,SW-1 Ruger LCP .380 (S/N:,Ruger,LCP,37178058
3733,,371780580) - taken for safe-,,,
,,keeping during Involuntary,,,
,,Commitment (return with,,,
,,approval from Melissa Chin or,,,
,,Court Order),,,
2017-,1/31/2017,"DAC-1: BARETTA 92SF, 9MM",,92 FS,BER2356
5280,,HANDGUN,,,
2017-,1/31/2017,JAS2 - Kel-Tec PMR-30,Kel-Tec,PMR-30,W9K52
5357,,,,,
2017-,1/31/2017,JAS1 - FNH 5.7,FNH,Five-Seven,38622084
5357,,,,,
2017-,1/31/2017,JAS5 - Mossberg 12 GA shotgun,Mossberg,590,Unknown
5357,,- Serial number obscured by,,,
,,plastic on Left side of shotgun,,,
,,receiver.,,,
2017-,1/31/2017,JAS4 - NDS-1P,Allied Armament,NDS-1P,P100196
5357,,,,,
2017-,1/31/2017,JAS3 - NDS-1P,NODAK SPUD,NDS-1P,G002255
5357,,,LLC,,
2017-,2/14/2017,AMF-10: Remington 870 20,Remington,870,D521296
6604,,gauge,,,
2017-,2/14/2017,AMF-14: Remington rifle 300,Remington,700,S672859
6604,,"WIN MAG, model with Redfield",,,
,,scope (SN # 489565V),,,
2017-,2/14/2017,AMF-1: Marlin rifle with Tasco,Marlin,60,7446768
6604,,scope,,,
2017-,2/14/2017,AMF-6: Browning rifle with,Browning,none,01788PT
6604,,Bushnell scope,,,
2017-,2/14/2017,AMF-15: Winchester rifle with,Winchester,94AE,6221094
6604,,Luepold scope (SN#301598T),,,
2017-,2/14/2017,AMF-5: Black powder rifle frontier,Connecticut VA,Frontier,90-69055
6604,,"rifle, Connecticut Valley Arms",,,
6604,,,,,
2017-,2/14/2017,AMF-12: Ruger old Army black,Ruger,Old Army,145-6225
6604,,powder pistol unknown caliber,,,
2017-,2/14/2017,AMF-4: Camouflage Traditions,Traditions,Vortex,14-13-01
6604,,muzzle loader (Vortex Strike,,,15
,,force),,,
2017-,2/14/2017,AMF-17: Sig Sauer pistol black,Sig Sauer,P220,37A0110
6604,,,,,
2017-,2/14/2017,AMF-8: Traditions black powder,Traditions,"1-48""",201037
6604,,rifle .54 Caliber,,,
2017-,2/14/2017,AMF-9: Remington Wingmaster,Remington,870,865982V
6604,,870,,,
2017-,2/14/2017,AMF-3: Camouflage Ruger rifle,Ruger,10/22,351-0229
6604,,,,,
2017-,2/17/2017,CW-1/Pellet gun for safe keeping,,vigilante,91670996
8567,,,,,
2017-,3/3/2017,WSH-10 - BLACK POWDER,ASM,BLACK POWDER,xxxxxxxx
8665,,PISTOL.,,,
2017-,3/3/2017,WSH-11 - BLACK POWDER,PLANS,BLACK POWDER,1466322
8665,,PISTOL.,,,
2017-,3/3/2017,WSH-12 - BLACK POWDER,CONNECTICUT,BLACK POWDER,85340460
8665,,PISTOL.,VAL,,
2017-,3/3/2017,WSH-13 - BLACK POWDER,CMC,BLACK POWDER,122675
8665,,PISTOL.,,,
2017-,3/3/2017,WSH-8 - BLACK POWDER,CONN. VALLEY,REVOLVER,26518
8665,,REVOLVER,AR,,
2017-,3/3/2017,WSH-15 - BLACK POWDER,CONN. vALLEY,BLACK POWDER,91772400
8665,,RIFLE,AR,,
2017-,3/3/2017,WSH-16 - BLACK POWDER,LYMAN,BLACK POWDER,373014
8665,,RIFLE,MIDDLEFIE,,
2017-,2/19/2017,KLB02- Springfield handgun,Springfield,XDM-45ACP,MG65226
8916,,,,,
2017-,2/22/2017,JAG-11 - BB Gun,,Unknown,608D045
9465,,,,,
2017-,2/22/2017,JAG-7 - Colts Government Model,,Government Mode,2927902
9465,,,,,
2017-,2/22/2017,JAG-9 - CZ Pistol,,CZ 75 P-01,B153898
9465,,,,,
2017-,2/22/2017,JAG-10 - Glock Pistol,,19 Gen 4,VRX598
9465,,,,,
2017-,2/22/2017,JAG-8 - K9 Kahr,,K9,AX0532
9465,,,,,
2017-,2/22/2017,JAG-5 - Beretta,,CX4,CK09232
9465,,,,,
9465,,,,,
2017-,2/22/2017,JAG-2 - Ruger American Rifle,,22LR,833-0022
9465,,,,,
2017-,2/22/2017,JAG-1 - 1894 Remington Rifle,,1894,MR33798
9465,,,,,
2017-,2/22/2017,JAG-4 - Winchester Rifle,,94AE,6237652
9465,,,,,
2017-,2/22/2017,JAG-6 - Escort Magnum Shotgun,,Escort Magnum,520778
9465,,,,,
2017-,3/8/2017,JEB-17A: Ruger .22 revolver in,Ruger,SP101,577-3564
10642,,lockbox,,,
2017-,3/1/2017,"DAC-1: 380 CAL, SEMI-AUTO",,IJ70-17A,BOP1536
10667,,"HANDGUN, IMEZ",,,
2017-,3/1/2017,"DAC-3: BLACK OPS, AIR-SOFT",,AIR SOFT,30458707
10667,,"TYPE PISTOL, W/ MAGAZINE",,,12613BA
2017-,3/3/2017,DTS-1- pistol surrendered per,Bryco Arms,38,25587
10685,,court order,,,
2017-,3/3/2017,MJG-1 Glock Pistol,glock,23,tmd877
11009,,Safekeeping,,,
2017-,3/4/2017,MMM-1 (1) BB Gun pistol,,P9T,12B1704
11414,,"""Stinger P9T"" and (1) empty BB",,,
,,magazine,,,
2017-,3/6/2017,AMM 1- Ruger M77 Mark II - Per,Ruger,M77 Mark II,780-8785
11636,,Court Order,,,
2017-,3/8/2017,SRH-18: Jennings Model,Jennings,48,887789
11814,,"48 .380, semi auto pistol",,,
2017-,3/15/2017,"TJM-16, Pellet/BB gun: HK",,HK USP,11D0653
11925,,model,,,
2017-,3/15/2017,"TJM-10, Mossberg Rifle",,Int 702,EJK3143
11925,,,,,
2017-,3/8/2017,MMD 01A SEMI-AUTO PISTOL,SMITH &,M&P,UNKNO
12057,,S&W,WESSON,,
2017-,3/8/2017,MMD 01B SEMI-AUTO PISTOL,NORINCO,213,303814
12057,,NORINCO,,,
2017-,3/8/2017,MMD 01C SEMI-AUTO,SMITH &,M&P,MRH813
12057,,PISTOLS&W,WESSON,,
2017-,3/13/2017,JCM-1 : Daisy BB Gun. 1200,,1200 Powerline,4M41649
12981,,Powerline. 4M41649. FOR,,,
,,DESTRUCTION,,,
2017-,3/30/2017,JKC-218: Snake Charmer 410,Snake Charmer,410,14663
13450,,shotgun,,,
2017-,3/19/2017,KDM-1 Handgun,,S&W,HSP8657
14210,,,,,
15061,,,,,
2017- 3/24/2017,DAC-1: SMITH & WESSON 38,,REVOLVER,J78964,
15061,REVOLVER,,,,
2017- 3/25/2017,EJL-1 SIG SAUER P938 9MM,SIG SAUER,P938,52B1126,
15317,SER# 52B112655,,,,
2017- 3/27/2017,RRC 1 : Shotgun,Remington,870,R18764M,
15600,,,,,
2017- 3/30/2017,DDB - 2 Kahr Arms CW 40 -,Kahr Arms,CW 40,FF7583,
16094,serial FF7583,,,,
2017- 4/1/2017,KDM-11 semi automatic rifle,,ISSC,A470024,
16488,(ISSC A470024),,,,
2017- 4/1/2017,KDM-3 Double tap .45 cal,,Double tap,D686685,
16488,(SN#D686685),,,,
2017- 4/18/2017,GRR-1 Hi-Point .45 Cal. pistol,,PI,X424617,
19453,,,,,
2017- 4/23/2017,JAS-7 - Model 1900 Pistol,,1900,67939,
20424,,,,,
2017- 4/27/2017,SRH-11: Savage 20 gauge,,Savage,None,
20905,shotgun with homemade pistol,,,,
,grip,,,,
2017- 4/30/2017,MJG-1 Pistol Destruction,beretta,92 f,D58691Z,
21837,,,,,
Total Records: 276,,,,,
Report Filter: Booked Date ( Between ) 1/1/2010 And 5/2/2017 AND [Category Code ( Equals ) FA-Pistol OR Category,,,,,
Code ( Equals ) FA-Shotgun OR Category Code ( Equals ) FA-Shotgun pistol OR Category Code ( Equals ) FA-Machine,,,,,
Sub-machine gun-m],,,,,